/**
 * Author:  20jz0134
 * Created: 2021/12/09
 */


-- INSERT INTO CATEGORIES(CATEGORY_NO, NAME)  VALUES('C0001', '牛丼');
-- INSERT INTO CATEGORIES(CATEGORY_NO, NAME)  VALUES('C0002', 'サイドメニュー');
-- INSERT INTO CATEGORIES(CATEGORY_NO, NAME)  VALUES('C0003', 'セット');
-- INSERT INTO CATEGORIES(CATEGORY_NO, NAME)  VALUES('C0004', 'からあげ');

-- INSERT INTO EMPLOYEES(EMPLOYEE_NO, PASSWORD, NAME, POST)  VALUES('M0002', 'M0002', '陳', '2');
-- INSERT INTO EMPLOYEES(EMPLOYEE_NO, PASSWORD, NAME, POST) VALUES('M0003', 'M0003', '中川', '2');

-- INSERT INTO PRODUCTS(PRODUCT_NO, NAME, PRICE, CATEGORY_NO) VALUES('101', '元気牛丼M', 400, 'COOO1');
-- INSERT INTO PRODUCTS(PRODUCT_NO, NAME, PRICE, CATEGORY_NO) VALUES('102', '元気牛丼L', 600, 'C0001');
-- INSERT INTO PRODUCTS(PRODUCT_NO, NAME, PRICE, CATEGORY_NO) VALUES('103', 'ねぎたま牛丼M', 500, 'C0001');
-- INSERT INTO PRODUCTS(PRODUCT_NO, NAME, PRICE, CATEGORY_NO) VALUES('104', 'ねぎたま牛丼L', 700, 'C0001');
-- INSERT INTO PRODUCTS(PRODUCT_NO, NAME, PRICE, CATEGORY_NO) VALUES('105', 'ねぎたまラー油牛丼M', 500, 'C0001');
-- INSERT INTO PRODUCTS(PRODUCT_NO, NAME, PRICE, CATEGORY_NO) VALUES('106', 'ねぎたまラー油牛丼L', 700, 'C0001');
-- INSERT INTO PRODUCTS(PRODUCT_NO, NAME, PRICE, CATEGORY_NO) VALUES('107', 'ねぎ山椒牛丼M', 500, 'C0001');
-- INSERT INTO PRODUCTS(PRODUCT_NO, NAME, PRICE, CATEGORY_NO) VALUES('108', 'ねぎ山椒牛丼L', 700, 'C0001');
-- INSERT INTO PRODUCTS(PRODUCT_NO, NAME, PRICE, CATEGORY_NO) VALUES('109', '肉だく牛丼M', 600, 'C0001');
-- INSERT INTO PRODUCTS(PRODUCT_NO, NAME, PRICE, CATEGORY_NO) VALUES('110', '肉だく牛丼L', 800, 'C0001');
-- INSERT INTO PRODUCTS(PRODUCT_NO, NAME, PRICE, CATEGORY_NO) VALUES('201', '元気味噌汁', 100, 'C0002');
-- INSERT INTO PRODUCTS(PRODUCT_NO, NAME, PRICE, CATEGORY_NO) VALUES('203', 'しじみ味噌汁', 100, 'C0002');
-- INSERT INTO PRODUCTS(PRODUCT_NO, NAME, PRICE, CATEGORY_NO) VALUES('204', '元気サラダ', 200, 'C0002');
-- INSERT INTO PRODUCTS(PRODUCT_NO, NAME, PRICE, CATEGORY_NO) VALUES('205', 'ごぼうサラダ', 150, 'C0002');
-- INSERT INTO PRODUCTS(PRODUCT_NO, NAME, PRICE, CATEGORY_NO) VALUES('206', 'ぽてとサラダ', 150, 'C0002');
-- INSERT INTO PRODUCTS(PRODUCT_NO, NAME, PRICE, CATEGORY_NO) VALUES('301', '元気セットM', 650, 'C0003');
-- INSERT INTO PRODUCTS(PRODUCT_NO, NAME, PRICE, CATEGORY_NO) VALUES('302', '元気セットL', 850, 'C0003');
-- INSERT INTO PRODUCTS(PRODUCT_NO, NAME, PRICE, CATEGORY_NO) VALUES('401', 'ちからあげ3個', 300, 'C0004');
-- INSERT INTO PRODUCTS(PRODUCT_NO, NAME, PRICE, CATEGORY_NO) VALUES('402', 'ちからあげ6個', 600, 'C0004');
-- INSERT INTO PRODUCTS(PRODUCT_NO, NAME, PRICE, CATEGORY_NO) VALUES('403', 'ちからあげ12個', 1000, 'C0004');
INSERT INTO PRODUCTS(PRODUCT_NO, NAME, PRICE, CATEGORY_NO) VALUES('404', '南蛮あげ3個', 400, 'C0004');
INSERT INTO PRODUCTS(PRODUCT_NO, NAME, PRICE, CATEGORY_NO) VALUES('405', '南蛮あげ6個', 700, 'C0004');
INSERT INTO PRODUCTS(PRODUCT_NO, NAME, PRICE, CATEGORY_NO) VALUES('406', '南蛮あげ12個', 1100, 'C0004');
-- INSERT INTO PRODUCTS(PRODUCT_NO, NAME, PRICE, CATEGORY_NO) VALUES('407', '油淋鶏3個', 500, 'C0004');
-- INSERT INTO PRODUCTS(PRODUCT_NO, NAME, PRICE, CATEGORY_NO) VALUES('408', '油淋鶏6個', 800, 'C0004');
-- INSERT INTO PRODUCTS(PRODUCT_NO, NAME, PRICE, CATEGORY_NO) VALUES('409', '油淋鶏12個', 1200, 'C0004');


