<?xml version="1.0" encoding="UTF-8"?>
<project-private xmlns="http://www.netbeans.org/ns/project-private/1">
    <editor-bookmarks xmlns="http://www.netbeans.org/ns/editor-bookmarks/2" lastBookmarkId="0"/>
    <open-files xmlns="http://www.netbeans.org/ns/projectui-open-files/2">
        <group>
            <file>file:/G:/マイドライブ/20JZG06/G06ver1.4/src/deliverySystem/ControldeliverySystem.java</file>
            <file>file:/G:/マイドライブ/20JZG06/G06ver1.4/src/deliverySystem/ControlOrder.java</file>
            <file>file:/G:/マイドライブ/20JZG06/G06ver1.4/src/deliverySystem/BoundaryOrder.java</file>
            <file>file:/G:/マイドライブ/20JZG06/G06ver1.4/src/deliverySystem/ControlCustomer.java</file>
            <file>file:/G:/マイドライブ/20JZG06/G06ver1.4/src/deliverySystem/BoundaryPayments.java</file>
        </group>
    </open-files>
</project-private>
